{"energy_mae": 0.18320325016975403, "energy_mse": 0.05040184035897255, "energy_rmse": 0.2245035320520401, "forces_mae": 0.09435946494340897, "forces_mse": 0.017259713262319565, "forces_rmse": 0.1313762217760086}