{"energy_mae": 0.03889375180006027, "energy_mse": 0.0049458094872534275, "energy_rmse": 0.07032644748687744, "forces_mae": 0.0671812891960144, "forces_mse": 0.009900350123643875, "forces_rmse": 0.09950049966573715}